title,longitude,latitude,coord_type,metrotype,type2,category,category_en,url,ak,geotable_id
南锣鼓巷,116.409683,39.93984,3,1,1,地铁,metro,http://bj.bendibao.com/ditie/zdnanluoguxiang.shtml,Ow5fqi6DQXmgD5PGSB7QBdHF,106990
北海北,116.39289,39.939493,3,2,1,地铁,metro,http://bj.bendibao.com/ditie/zdbeihaibei.shtml,Ow5fqi6DQXmgD5PGSB7QBdHF,106990
什刹海,116.391622,39.940498,3,1,1,地铁,metro,http://bj.bendibao.com/ditie/zdshishahai.shtml,Ow5fqi6DQXmgD5PGSB7QBdHF,106990
张自忠路,116.423573,39.939914,3,1,1,地铁,metro,http://bj.bendibao.com/ditie/zdzhangzizhonglu.shtml,Ow5fqi6DQXmgD5PGSB7QBdHF,106990
鼓楼大街,116.40011,39.954724,3,1,1,地铁,metro,http://bj.bendibao.com/ditie/zdguloudajie.shtml,Ow5fqi6DQXmgD5PGSB7QBdHF,106990
北新桥,116.423298,39.947112,3,3,1,地铁,metro,http://bj.bendibao.com/ditie/zdbeixinqiao.shtml,Ow5fqi6DQXmgD5PGSB7QBdHF,106990
东四,116.423979,39.930667,3,2,1,地铁,metro,http://bj.bendibao.com/ditie/zddongsi.shtml,Ow5fqi6DQXmgD5PGSB7QBdHF,106990
安定门,116.414597,39.955441,3,2,1,地铁,metro,http://bj.bendibao.com/ditie/zdandingmen.shtml,Ow5fqi6DQXmgD5PGSB7QBdHF,106990
平安里,116.378635,39.939264,3,1,1,地铁,metro,http://bj.bendibao.com/ditie/zdpinganli.shtml,Ow5fqi6DQXmgD5PGSB7QBdHF,106990
西四,116.37993,39.930036,3,2,1,地铁,metro,http://bj.bendibao.com/ditie/zdxisi.shtml,Ow5fqi6DQXmgD5PGSB7QBdHF,106990
灯市口,116.424169,39.923603,3,2,1,地铁,metro,http://bj.bendibao.com/ditie/zddengshikou.shtml,Ow5fqi6DQXmgD5PGSB7QBdHF,106990
雍和宫,116.42312,39.955113,3,1,1,地铁,metro,http://bj.bendibao.com/ditie/zdyonghegong.shtml,Ow5fqi6DQXmgD5PGSB7QBdHF,106990
天安门东,116.407851,39.91408,3,2,1,地铁,metro,http://bj.bendibao.com/ditie/zdtiananmendong.shtml,Ow5fqi6DQXmgD5PGSB7QBdHF,106990
新街口,116.374132,39.94658,3,2,1,地铁,metro,http://bj.bendibao.com/ditie/zdxinjiekou.shtml,Ow5fqi6DQXmgD5PGSB7QBdHF,106990
灵境胡同,116.380223,39.922136,3,3,1,地铁,metro,http://bj.bendibao.com/ditie/zdlingjinghutong.shtml,Ow5fqi6DQXmgD5PGSB7QBdHF,106990
天安门西,116.39805,39.913776,3,1,1,地铁,metro,http://bj.bendibao.com/ditie/zdtiananmenxi.shtml,Ow5fqi6DQXmgD5PGSB7QBdHF,106990
积水潭,116.379185,39.954765,3,2,1,地铁,metro,http://bj.bendibao.com/ditie/zdjishuitan.shtml,Ow5fqi6DQXmgD5PGSB7QBdHF,106990
王府井,116.417796,39.914398,3,2,1,地铁,metro,http://bj.bendibao.com/ditie/zdwangfujing.shtml,Ow5fqi6DQXmgD5PGSB7QBdHF,106990
东四十条,116.440638,39.939841,3,1,1,地铁,metro,http://bj.bendibao.com/ditie/zddongsishitiao.shtml,Ow5fqi6DQXmgD5PGSB7QBdHF,106990
朝阳门,116.440635,39.930549,3,1,1,地铁,metro,http://bj.bendibao.com/ditie/zdchaoyangmen.shtml,Ow5fqi6DQXmgD5PGSB7QBdHF,106990
东单,116.425249,39.914504,3,1,1,地铁,metro,http://bj.bendibao.com/ditie/zddongdan.shtml,Ow5fqi6DQXmgD5PGSB7QBdHF,106990
东直门,116.441146,39.948223,3,3,1,地铁,metro,http://bj.bendibao.com/ditie/zddongzhimen.shtml,Ow5fqi6DQXmgD5PGSB7QBdHF,106990
和平里北街,116.425051,39.964752,3,1,1,地铁,metro,http://bj.bendibao.com/ditie/zdhepinglibeijie.shtml,Ow5fqi6DQXmgD5PGSB7QBdHF,106990
西单,116.382001,39.913329,3,1,1,地铁,metro,http://bj.bendibao.com/ditie/zdxidan.shtml,Ow5fqi6DQXmgD5PGSB7QBdHF,106990
前门,116.404276,39.906534,3,2,1,地铁,metro,http://bj.bendibao.com/ditie/zdqianmen.shtml,Ow5fqi6DQXmgD5PGSB7QBdHF,106990
车公庄,116.361834,39.938351,3,3,1,地铁,metro,http://bj.bendibao.com/ditie/zdchegongzhuang.shtml,Ow5fqi6DQXmgD5PGSB7QBdHF,106990
车公庄西,116.36169,39.938656,3,3,1,地铁,metro,http://bj.bendibao.com/ditie/zdchegongzhuangxi.shtml,Ow5fqi6DQXmgD5PGSB7QBdHF,106990
阜成门,116.362817,39.929522,3,2,1,地铁,metro,http://bj.bendibao.com/ditie/zdfuchengmen.shtml,Ow5fqi6DQXmgD5PGSB7QBdHF,106990
和平门,116.390619,39.906362,3,3,1,地铁,metro,http://bj.bendibao.com/ditie/zdhepingmen.shtml,Ow5fqi6DQXmgD5PGSB7QBdHF,106990
西直门,116.361442,39.946436,3,2,1,地铁,metro,http://bj.bendibao.com/ditie/zdxizhimen.shtml,Ow5fqi6DQXmgD5PGSB7QBdHF,106990
崇文门,116.424439,39.906953,3,1,1,地铁,metro,http://bj.bendibao.com/ditie/zdchongwenmen.shtml,Ow5fqi6DQXmgD5PGSB7QBdHF,106990
北京站,116.433608,39.911127,3,2,1,地铁,metro,http://bj.bendibao.com/ditie/zdbeijingzhan.shtml,Ow5fqi6DQXmgD5PGSB7QBdHF,106990
安华桥,116.401029,39.974865,3,1,1,地铁,metro,http://bj.bendibao.com/ditie/zdanhuaqiao.shtml,Ow5fqi6DQXmgD5PGSB7QBdHF,106990
柳芳,116.439265,39.964106,3,2,1,地铁,metro,http://bj.bendibao.com/ditie/zdliufang.shtml,Ow5fqi6DQXmgD5PGSB7QBdHF,106990
建国门,116.441789,39.914505,3,2,1,地铁,metro,http://bj.bendibao.com/ditie/zdjianguomen.shtml,Ow5fqi6DQXmgD5PGSB7QBdHF,106990
宣武门,116.380848,39.905881,3,1,1,地铁,metro,http://bj.bendibao.com/ditie/zdxuanwumen.shtml,Ow5fqi6DQXmgD5PGSB7QBdHF,106990
和平西桥,116.424463,39.974502,3,3,1,地铁,metro,http://bj.bendibao.com/ditie/zdhepingxiqiao.shtml,Ow5fqi6DQXmgD5PGSB7QBdHF,106990
复兴门,116.363762,39.913025,3,2,1,地铁,metro,http://bj.bendibao.com/ditie/zdfuxinmen.shtml,Ow5fqi6DQXmgD5PGSB7QBdHF,106990
磁器口,116.425336,39.899344,3,3,1,地铁,metro,http://bj.bendibao.com/ditie/zdciqikou.shtml,Ow5fqi6DQXmgD5PGSB7QBdHF,106990
东大桥,116.458252,39.928625,3,3,1,地铁,metro,http://bj.bendibao.com/ditie/zddongdaqiao.shtml,Ow5fqi6DQXmgD5PGSB7QBdHF,106990
长椿街,116.369911,39.90534,3,1,1,地铁,metro,http://bj.bendibao.com/ditie/zdchangchunjie.shtml,Ow5fqi6DQXmgD5PGSB7QBdHF,106990
南礼士路,116.359221,39.912979,3,2,1,地铁,metro,http://bj.bendibao.com/ditie/zdnanlishilu.shtml,Ow5fqi6DQXmgD5PGSB7QBdHF,106990
光熙门,116.438355,39.974474,3,1,1,地铁,metro,http://bj.bendibao.com/ditie/zdguangeimen.shtml,Ow5fqi6DQXmgD5PGSB7QBdHF,106990
北土城,116.400663,39.983255,3,2,1,地铁,metro,http://bj.bendibao.com/ditie/zdbeitucheng.shtml,Ow5fqi6DQXmgD5PGSB7QBdHF,106990
安贞门,116.412371,39.983322,3,1,1,地铁,metro,http://bj.bendibao.com/ditie/zdanzhenmen.shtml,Ow5fqi6DQXmgD5PGSB7QBdHF,106990
健德门,116.387816,39.982833,3,1,1,地铁,metro,http://bj.bendibao.com/ditie/zdjiandemen.shtml,Ow5fqi6DQXmgD5PGSB7QBdHF,106990
动物园,116.345204,39.943923,3,3,1,地铁,metro,http://bj.bendibao.com/ditie/zddongwuyuan.shtml,Ow5fqi6DQXmgD5PGSB7QBdHF,106990
菜市口,116.380973,39.895386,3,2,1,地铁,metro,http://bj.bendibao.com/ditie/zdcaishikou.shtml,Ow5fqi6DQXmgD5PGSB7QBdHF,106990
惠新西街南口,116.42404,39.983276,3,2,1,地铁,metro,http://bj.bendibao.com/ditie/zdhuixinxijienankou.shtml,Ow5fqi6DQXmgD5PGSB7QBdHF,106990
永安里,116.457089,39.914223,3,3,1,地铁,metro,http://bj.bendibao.com/ditie/zdyonganli.shtml,Ow5fqi6DQXmgD5PGSB7QBdHF,106990
牡丹园,116.376446,39.982371,3,3,1,地铁,metro,http://bj.bendibao.com/ditie/zdmudanyuan.shtml,Ow5fqi6DQXmgD5PGSB7QBdHF,106990
团结湖,116.468337,39.939382,3,1,1,地铁,metro,http://bj.bendibao.com/ditie/zdtuanjiehu.shtml,Ow5fqi6DQXmgD5PGSB7QBdHF,106990
呼家楼,116.468237,39.928981,3,2,1,地铁,metro,http://bj.bendibao.com/ditie/zdhujialou.shtml,Ow5fqi6DQXmgD5PGSB7QBdHF,106990
农业展览馆,116.468772,39.946988,3,1,1,地铁,metro,http://bj.bendibao.com/ditie/zdnongyezhanlanguan.shtml,Ow5fqi6DQXmgD5PGSB7QBdHF,106990
金台夕照,116.468282,39.922961,3,2,1,地铁,metro,http://bj.bendibao.com/ditie/zdjintaixizhao.shtml,Ow5fqi6DQXmgD5PGSB7QBdHF,106990
亮马桥,116.468743,39.955006,3,3,1,地铁,metro,http://bj.bendibao.com/ditie/zdliangmaqiao.shtml,Ow5fqi6DQXmgD5PGSB7QBdHF,106990
大钟寺,116.35182,39.972034,3,2,1,地铁,metro,http://bj.bendibao.com/ditie/zddazhongsi.shtml,Ow5fqi6DQXmgD5PGSB7QBdHF,106990
天坛东门,116.427392,39.888497,3,3,1,地铁,metro,http://bj.bendibao.com/ditie/zdtiantandongmen.shtml,Ow5fqi6DQXmgD5PGSB7QBdHF,106990
三元桥,116.463623,39.966406,3,2,1,地铁,metro,http://bj.bendibao.com/ditie/zdsanyuanqiao.shtml,Ow5fqi6DQXmgD5PGSB7QBdHF,106990
木樨地,116.344097,39.913125,3,1,1,地铁,metro,http://bj.bendibao.com/ditie/zdmueidi.shtml,Ow5fqi6DQXmgD5PGSB7QBdHF,106990
奥体中心,116.400191,39.992442,3,3,1,地铁,metro,http://bj.bendibao.com/ditie/zdaotizhongxin.shtml,Ow5fqi6DQXmgD5PGSB7QBdHF,106990
芍药居,116.443571,39.983549,3,2,1,地铁,metro,http://bj.bendibao.com/ditie/zdshaoyaoju.shtml,Ow5fqi6DQXmgD5PGSB7QBdHF,106990
国贸,116.467524,39.914319,3,1,1,地铁,metro,http://bj.bendibao.com/ditie/zdguomao.shtml,Ow5fqi6DQXmgD5PGSB7QBdHF,106990
太阳宫,116.454059,39.978367,3,3,1,地铁,metro,http://bj.bendibao.com/ditie/zdtaiyanggong.shtml,Ow5fqi6DQXmgD5PGSB7QBdHF,106990
西土城,116.360484,39.982026,3,3,1,地铁,metro,http://bj.bendibao.com/ditie/zdxitucheng.shtml,Ow5fqi6DQXmgD5PGSB7QBdHF,106990
白堆子,116.332359,39.929707,3,3,1,地铁,metro,http://bj.bendibao.com/ditie/zdbaiduizi.shtml,Ow5fqi6DQXmgD5PGSB7QBdHF,106990
国家图书馆,116.331897,39.948864,3,3,1,地铁,metro,http://bj.bendibao.com/ditie/zdguojiatushuguan.shtml,Ow5fqi6DQXmgD5PGSB7QBdHF,106990
陶然亭,116.380902,39.884625,3,1,1,地铁,metro,http://bj.bendibao.com/ditie/zdtaoranting.shtml,Ow5fqi6DQXmgD5PGSB7QBdHF,106990
惠新西街北口,116.423532,39.994151,3,3,1,地铁,metro,http://bj.bendibao.com/ditie/zdhuixinxijiebeikou.shtml,Ow5fqi6DQXmgD5PGSB7QBdHF,106990
知春路,116.347619,39.982065,3,2,1,地铁,metro,http://bj.bendibao.com/ditie/zdzhichunlu.shtml,Ow5fqi6DQXmgD5PGSB7QBdHF,106990
金台路,116.485062,39.928727,3,1,1,地铁,metro,http://bj.bendibao.com/ditie/zdjintailu.shtml,Ow5fqi6DQXmgD5PGSB7QBdHF,106990
魏公村,116.329874,39.963457,3,2,1,地铁,metro,http://bj.bendibao.com/ditie/zdweigongcun.shtml,Ow5fqi6DQXmgD5PGSB7QBdHF,106990
双井,116.468453,39.899186,3,1,1,地铁,metro,http://bj.bendibao.com/ditie/zdshuangjing.shtml,Ow5fqi6DQXmgD5PGSB7QBdHF,106990
军事博物馆,116.329314,39.913343,3,1,1,地铁,metro,http://bj.bendibao.com/ditie/zdjunshibowuguan.shtml,Ow5fqi6DQXmgD5PGSB7QBdHF,106990
大望路,116.482387,39.914135,3,3,1,地铁,metro,http://bj.bendibao.com/ditie/zddawanglu.shtml,Ow5fqi6DQXmgD5PGSB7QBdHF,106990
花园桥,116.317559,39.938382,3,3,1,地铁,metro,http://bj.bendibao.com/ditie/zdhuayuanqiao.shtml,Ow5fqi6DQXmgD5PGSB7QBdHF,106990
白石桥南,116.317559,39.938382,3,3,1,地铁,metro,http://bj.bendibao.com/ditie/zdbaishiqiaonan.shtml,Ow5fqi6DQXmgD5PGSB7QBdHF,106990
人民大学,116.32809,39.97277,3,2,1,地铁,metro,http://bj.bendibao.com/ditie/zdrenmindaxue.shtml,Ow5fqi6DQXmgD5PGSB7QBdHF,106990
知春里,116.336091,39.982061,3,3,1,地铁,metro,http://bj.bendibao.com/ditie/zdzhichunli.shtml,Ow5fqi6DQXmgD5PGSB7QBdHF,106990
奥林匹克公园,116.399289,40.007194,3,3,1,地铁,metro,http://bj.bendibao.com/ditie/zdaolinpikegongyuan.shtml,Ow5fqi6DQXmgD5PGSB7QBdHF,106990
劲松,116.46801,39.890027,3,2,1,地铁,metro,http://bj.bendibao.com/ditie/zdjinsong.shtml,Ow5fqi6DQXmgD5PGSB7QBdHF,106990
北京南站,116.384955,39.871457,3,1,1,地铁,metro,http://bj.bendibao.com/ditie/zdbeijingnanzhan.shtml,Ow5fqi6DQXmgD5PGSB7QBdHF,106990
蒲黄榆,116.428185,39.871699,3,2,1,地铁,metro,http://bj.bendibao.com/ditie/zdpuhuangyu.shtml,Ow5fqi6DQXmgD5PGSB7QBdHF,106990
北京西站,116.327874,39.901712,3,3,1,地铁,metro,http://bj.bendibao.com/ditie/zdbeijingxizhan.shtml,Ow5fqi6DQXmgD5PGSB7QBdHF,106990
公主坟,116.316696,39.913509,3,2,1,地铁,metro,http://bj.bendibao.com/ditie/zdgongzhufen.shtml,Ow5fqi6DQXmgD5PGSB7QBdHF,106990
大屯路东,116.423892,40.010107,3,3,1,地铁,metro,http://bj.bendibao.com/ditie/zddatunludong.shtml,Ow5fqi6DQXmgD5PGSB7QBdHF,106990
望京西,116.455596,40.001109,3,3,1,地铁,metro,http://bj.bendibao.com/ditie/zdwangjingxi.shtml,Ow5fqi6DQXmgD5PGSB7QBdHF,106990
潘家园,116.467741,39.881735,3,3,1,地铁,metro,http://bj.bendibao.com/ditie/zdpanjiayuan.shtml,Ow5fqi6DQXmgD5PGSB7QBdHF,106990
海淀黄庄,116.324348,39.981865,3,1,1,地铁,metro,http://bj.bendibao.com/ditie/zdhaidianhuangzhuang.shtml,Ow5fqi6DQXmgD5PGSB7QBdHF,106990
五道口,116.344434,39.998568,3,1,1,地铁,metro,http://bj.bendibao.com/ditie/zdwudaokou.shtml,Ow5fqi6DQXmgD5PGSB7QBdHF,106990
莲花桥,116.316823,39.904081,3,2,1,地铁,metro,http://bj.bendibao.com/ditie/zdlianhuaqiao.shtml,Ow5fqi6DQXmgD5PGSB7QBdHF,106990
刘家窑,116.428565,39.863697,3,1,1,地铁,metro,http://bj.bendibao.com/ditie/zdliujiayao.shtml,Ow5fqi6DQXmgD5PGSB7QBdHF,106990
森林公园南门,116.399036,40.016211,3,1,1,地铁,metro,http://bj.bendibao.com/ditie/zdsenlingongyuannanmen.shtml,Ow5fqi6DQXmgD5PGSB7QBdHF,106990
西钓鱼台,116.304186,39.929671,3,2,1,地铁,metro,http://bj.bendibao.com/ditie/zdxidiaoyutai.shtml,Ow5fqi6DQXmgD5PGSB7QBdHF,106990
四惠,116.501945,39.91486,3,3,1,地铁,metro,http://bj.bendibao.com/ditie/zdsihui.shtml,Ow5fqi6DQXmgD5PGSB7QBdHF,106990
六里桥东,116.320819,39.892267,3,1,1,地铁,metro,http://bj.bendibao.com/ditie/zdliuliqiaodong.shtml,Ow5fqi6DQXmgD5PGSB7QBdHF,106990
慈寿寺,116.300677,39.93927,3,1,1,地铁,metro,http://bj.bendibao.com/ditie/zdcishousi.shtml,Ow5fqi6DQXmgD5PGSB7QBdHF,106990
十里堡,116.508479,39.929238,3,1,1,地铁,metro,http://bj.bendibao.com/ditie/zdshilibao.shtml,Ow5fqi6DQXmgD5PGSB7QBdHF,106990
中关村,116.323066,39.989956,3,1,1,地铁,metro,http://bj.bendibao.com/ditie/zdzhongguancun.shtml,Ow5fqi6DQXmgD5PGSB7QBdHF,106990
十里河,116.465751,39.871575,3,2,1,地铁,metro,http://bj.bendibao.com/ditie/zdshilihe.shtml,Ow5fqi6DQXmgD5PGSB7QBdHF,106990
马家堡,116.377878,39.859199,3,1,1,地铁,metro,http://bj.bendibao.com/ditie/zdmajiabao.shtml,Ow5fqi6DQXmgD5PGSB7QBdHF,106990
车道沟,116.300274,39.954895,3,1,1,地铁,metro,http://bj.bendibao.com/ditie/zdchedaogou.shtml,Ow5fqi6DQXmgD5PGSB7QBdHF,106990
苏州街,116.312768,39.981704,3,2,1,地铁,metro,http://bj.bendibao.com/ditie/zdsuzhoujie.shtml,Ow5fqi6DQXmgD5PGSB7QBdHF,106990
万寿路,116.30155,39.91371,3,3,1,地铁,metro,http://bj.bendibao.com/ditie/zdwanshoulu.shtml,Ow5fqi6DQXmgD5PGSB7QBdHF,106990
长春桥,116.300461,39.964876,3,1,1,地铁,metro,http://bj.bendibao.com/ditie/zdchangchunqiao.shtml,Ow5fqi6DQXmgD5PGSB7QBdHF,106990
望京,116.476025,40.004254,3,1,1,地铁,metro,http://bj.bendibao.com/ditie/zdwangjing.shtml,Ow5fqi6DQXmgD5PGSB7QBdHF,106990
大红门,116.404916,39.851803,3,2,1,地铁,metro,http://bj.bendibao.com/ditie/zddahongmen.shtml,Ow5fqi6DQXmgD5PGSB7QBdHF,106990
北京大学东门,116.322265,39.998006,3,1,1,地铁,metro,http://bj.bendibao.com/ditie/zdbeijingdaxuedongmen.shtml,Ow5fqi6DQXmgD5PGSB7QBdHF,106990
石榴庄,116.420566,39.852109,3,1,1,地铁,metro,http://bj.bendibao.com/ditie/zdshiliuzhuang.shtml,Ow5fqi6DQXmgD5PGSB7QBdHF,106990
角门东,116.392751,39.851487,3,2,1,地铁,metro,http://bj.bendibao.com/ditie/zdjiaomendong.shtml,Ow5fqi6DQXmgD5PGSB7QBdHF,106990
角门西,116.377644,39.851929,3,2,1,地铁,metro,http://bj.bendibao.com/ditie/zdjiaomenxi.shtml,Ow5fqi6DQXmgD5PGSB7QBdHF,106990
宋家庄,116.434919,39.852041,3,2,1,地铁,metro,http://bj.bendibao.com/ditie/zdsongjiazhuang.shtml,Ow5fqi6DQXmgD5PGSB7QBdHF,106990
六里桥,116.30961,39.886428,3,2,1,地铁,metro,http://bj.bendibao.com/ditie/zdliuliqiao.shtml,Ow5fqi6DQXmgD5PGSB7QBdHF,106990
巴沟,116.30051,39.980389,3,3,1,地铁,metro,http://bj.bendibao.com/ditie/zdbagou.shtml,Ow5fqi6DQXmgD5PGSB7QBdHF,106990
火器营,116.29561,39.972383,3,3,1,地铁,metro,http://bj.bendibao.com/ditie/zdhuoqiying.shtml,Ow5fqi6DQXmgD5PGSB7QBdHF,106990
分钟寺,116.460348,39.857886,3,1,1,地铁,metro,http://bj.bendibao.com/ditie/zdfeizhongsi.shtml,Ow5fqi6DQXmgD5PGSB7QBdHF,106990
林萃桥,116.378905,40.027995,3,1,1,地铁,metro,http://bj.bendibao.com/ditie/zdlincuiqiao.shtml,Ow5fqi6DQXmgD5PGSB7QBdHF,106990
青年路,116.523829,39.929469,3,3,1,地铁,metro,http://bj.bendibao.com/ditie/zdkemnianlu.shtml,Ow5fqi6DQXmgD5PGSB7QBdHF,106990
四惠东,116.522346,39.914957,3,3,1,地铁,metro,http://bj.bendibao.com/ditie/zdsihuidong.shtml,Ow5fqi6DQXmgD5PGSB7QBdHF,106990
草桥,116.359241,39.851597,3,1,1,地铁,metro,http://bj.bendibao.com/ditie/zdcaoqiao.shtml,Ow5fqi6DQXmgD5PGSB7QBdHF,106990
海淀五路居,116.282736,39.9386,3,3,1,地铁,metro,http://bj.bendibao.com/ditie/zdhaidianwuluju.shtml,Ow5fqi6DQXmgD5PGSB7QBdHF,106990
成寿寺,116.454315,39.851457,3,2,1,地铁,metro,http://bj.bendibao.com/ditie/zdchengshousi.shtml,Ow5fqi6DQXmgD5PGSB7QBdHF,106990
圆明园,116.315938,40.005466,3,3,1,地铁,metro,http://bj.bendibao.com/ditie/zdyuanmingyuan.shtml,Ow5fqi6DQXmgD5PGSB7QBdHF,106990
公益西桥,116.377314,39.843056,3,3,1,地铁,metro,http://bj.bendibao.com/ditie/zdgongyixiqiao.shtml,Ow5fqi6DQXmgD5PGSB7QBdHF,106990
西局,116.309898,39.87224,3,1,1,地铁,metro,http://bj.bendibao.com/ditie/zdxiju.shtml,Ow5fqi6DQXmgD5PGSB7QBdHF,106990
五棵松,116.280423,39.913833,3,3,1,地铁,metro,http://bj.bendibao.com/ditie/zdwukesong.shtml,Ow5fqi6DQXmgD5PGSB7QBdHF,106990
北苑路北,116.424525,40.036821,3,2,1,地铁,metro,http://bj.bendibao.com/ditie/zdbeiyuanlubei.shtml,Ow5fqi6DQXmgD5PGSB7QBdHF,106990
纪家庙,116.339533,39.850124,3,2,1,地铁,metro,http://bj.bendibao.com/ditie/zdjijiamiao.shtml,Ow5fqi6DQXmgD5PGSB7QBdHF,106990
七里庄,116.300779,39.873436,3,2,1,地铁,metro,http://bj.bendibao.com/ditie/zdqilizhuang.shtml,Ow5fqi6DQXmgD5PGSB7QBdHF,106990
泥洼,116.310813,39.8647,3,3,1,地铁,metro,http://bj.bendibao.com/ditie/zdniwa.shtml,Ow5fqi6DQXmgD5PGSB7QBdHF,106990
高碑店,116.538,39.915798,3,1,1,地铁,metro,http://bj.bendibao.com/ditie/zdgaobeidian.shtml,Ow5fqi6DQXmgD5PGSB7QBdHF,106990
肖村,116.455024,39.839926,3,3,1,地铁,metro,http://bj.bendibao.com/ditie/zdxiaocun.shtml,Ow5fqi6DQXmgD5PGSB7QBdHF,106990
西苑,116.297156,40.004714,3,2,1,地铁,metro,http://bj.bendibao.com/ditie/zdxiyuan.shtml,Ow5fqi6DQXmgD5PGSB7QBdHF,106990
首经贸,116.32612,39.850327,3,1,1,地铁,metro,http://bj.bendibao.com/ditie/zdshoujingmao.shtml,Ow5fqi6DQXmgD5PGSB7QBdHF,106990
立水桥南,116.420973,40.048143,3,1,1,地铁,metro,http://bj.bendibao.com/ditie/zdlishuiqiaonan.shtml,Ow5fqi6DQXmgD5PGSB7QBdHF,106990
永泰庄,116.361159,40.043692,3,3,1,地铁,metro,http://bj.bendibao.com/ditie/zdyongtaizhuang.shtml,Ow5fqi6DQXmgD5PGSB7QBdHF,106990
丰台站,116.312357,39.853606,3,2,1,地铁,metro,http://bj.bendibao.com/ditie/zdfengtaizhan.shtml,Ow5fqi6DQXmgD5PGSB7QBdHF,106990
丰台东大街,116.300215,39.86144,3,2,1,地铁,metro,http://bj.bendibao.com/ditie/zdfengtaidongdajie.shtml,Ow5fqi6DQXmgD5PGSB7QBdHF,106990
北苑,116.441308,40.048865,3,1,1,地铁,metro,http://bj.bendibao.com/ditie/zdbeiyuan.shtml,Ow5fqi6DQXmgD5PGSB7QBdHF,106990
小红门,116.465808,39.83399,3,1,1,地铁,metro,http://bj.bendibao.com/ditie/zdxiaohongmen.shtml,Ow5fqi6DQXmgD5PGSB7QBdHF,106990
玉泉路,116.25947,39.913501,3,3,1,地铁,metro,http://bj.bendibao.com/ditie/zdyuquanlu.shtml,Ow5fqi6DQXmgD5PGSB7QBdHF,106990
崔各庄,116.499145,40.028437,3,2,1,地铁,metro,http://bj.bendibao.com/ditie/zdcuigezhuang.shtml,Ow5fqi6DQXmgD5PGSB7QBdHF,106990
大井,116.281826,39.871571,3,3,1,地铁,metro,http://bj.bendibao.com/ditie/zddajing.shtml,Ow5fqi6DQXmgD5PGSB7QBdHF,106990
北宫门,116.28399,40.008678,3,2,1,地铁,metro,http://bj.bendibao.com/ditie/zdbeigongmen.shtml,Ow5fqi6DQXmgD5PGSB7QBdHF,106990
上地,116.326836,40.038699,3,3,1,地铁,metro,http://bj.bendibao.com/ditie/zdshangdi.shtml,Ow5fqi6DQXmgD5PGSB7QBdHF,106990
西小口,116.358213,40.052716,3,3,1,地铁,metro,http://bj.bendibao.com/ditie/zdxixiaokou.shtml,Ow5fqi6DQXmgD5PGSB7QBdHF,106990
丰台南路,116.302854,39.847201,3,3,1,地铁,metro,http://bj.bendibao.com/ditie/zdfengtainanlu.shtml,Ow5fqi6DQXmgD5PGSB7QBdHF,106990
立水桥,116.418274,40.059244,3,2,1,地铁,metro,http://bj.bendibao.com/ditie/zdlishuiqiao.shtml,Ow5fqi6DQXmgD5PGSB7QBdHF,106990
传媒大学,116.561375,39.915197,3,3,1,地铁,metro,http://bj.bendibao.com/ditie/zdchuanmeidaxue.shtml,Ow5fqi6DQXmgD5PGSB7QBdHF,106990
新宫,116.372097,39.818302,3,1,1,地铁,metro,http://bj.bendibao.com/ditie/zdxingong.shtml,Ow5fqi6DQXmgD5PGSB7QBdHF,106990
科怡路,116.303808,39.838664,3,3,1,地铁,metro,http://bj.bendibao.com/ditie/zdkeyilu.shtml,Ow5fqi6DQXmgD5PGSB7QBdHF,106990
安河桥北,116.276432,40.018657,3,3,1,地铁,metro,http://bj.bendibao.com/ditie/zdanheqiaobei.shtml,Ow5fqi6DQXmgD5PGSB7QBdHF,106990
八宝山,116.242277,39.913185,3,2,1,地铁,metro,http://bj.bendibao.com/ditie/zdbabaoshan.shtml,Ow5fqi6DQXmgD5PGSB7QBdHF,106990
褡裢坡,116.570223,39.929826,3,3,1,地铁,metro,http://bj.bendibao.com/ditie/zddalianpo.shtml,Ow5fqi6DQXmgD5PGSB7QBdHF,106990
马泉营,116.509638,40.039847,3,2,1,地铁,metro,http://bj.bendibao.com/ditie/zdmaquanying.shtml,Ow5fqi6DQXmgD5PGSB7QBdHF,106990
郭庄子,116.259835,39.870755,3,3,1,地铁,metro,http://bj.bendibao.com/ditie/zdguozhuangzi.shtml,Ow5fqi6DQXmgD5PGSB7QBdHF,106990
丰台科技园,116.303639,39.831449,3,3,1,地铁,metro,http://bj.bendibao.com/ditie/zdfengtaikejiyuan.shtml,Ow5fqi6DQXmgD5PGSB7QBdHF,106990
育新,116.353997,40.066124,3,1,1,地铁,metro,http://bj.bendibao.com/ditie/zdyuxin.shtml,Ow5fqi6DQXmgD5PGSB7QBdHF,106990
天通苑南,116.419113,40.072752,3,2,1,地铁,metro,http://bj.bendibao.com/ditie/zdtiantongyuannan.shtml,Ow5fqi6DQXmgD5PGSB7QBdHF,106990
旧宫,116.467432,39.812543,3,2,1,地铁,metro,http://bj.bendibao.com/ditie/zdjiugong.shtml,Ow5fqi6DQXmgD5PGSB7QBdHF,106990
郭公庄,116.303039,39.824182,3,3,1,地铁,metro,http://bj.bendibao.com/ditie/zdguogongzhuang.shtml,Ow5fqi6DQXmgD5PGSB7QBdHF,106990
黄渠,116.584917,39.929937,3,1,1,地铁,metro,http://bj.bendibao.com/ditie/zdhuangqu.shtml,Ow5fqi6DQXmgD5PGSB7QBdHF,106990
双桥,116.583332,39.915885,3,2,1,地铁,metro,http://bj.bendibao.com/ditie/zdshuangqiao.shtml,Ow5fqi6DQXmgD5PGSB7QBdHF,106990
西二旗,116.312615,40.058922,3,1,1,地铁,metro,http://bj.bendibao.com/ditie/zdxierqi.shtml,Ow5fqi6DQXmgD5PGSB7QBdHF,106990
霍营,116.366721,40.077129,3,3,1,地铁,metro,http://bj.bendibao.com/ditie/zdhuoying.shtml,Ow5fqi6DQXmgD5PGSB7QBdHF,106990
大瓦窑,116.246953,39.865215,3,3,1,地铁,metro,http://bj.bendibao.com/ditie/zddawayao.shtml,Ow5fqi6DQXmgD5PGSB7QBdHF,106990
天通苑,116.419233,40.081478,3,2,1,地铁,metro,http://bj.bendibao.com/ditie/zdtiantongyuan.shtml,Ow5fqi6DQXmgD5PGSB7QBdHF,106990
亦庄桥,116.486851,39.808826,3,1,1,地铁,metro,http://bj.bendibao.com/ditie/zdyizhuangqiao.shtml,Ow5fqi6DQXmgD5PGSB7QBdHF,106990
亦庄文化园,116.49701,39.812839,3,1,1,地铁,metro,http://bj.bendibao.com/ditie/zdyizhuangwenhuayuan.shtml,Ow5fqi6DQXmgD5PGSB7QBdHF,106990
八角游乐园,116.21939,39.913076,3,3,1,地铁,metro,http://bj.bendibao.com/ditie/zdbajiaoyouleyuan.shtml,Ow5fqi6DQXmgD5PGSB7QBdHF,106990
回龙观,116.34232,40.076428,3,3,1,地铁,metro,http://bj.bendibao.com/ditie/zdhuilongguan.shtml,Ow5fqi6DQXmgD5PGSB7QBdHF,106990
大葆台,116.29816,39.814112,3,3,1,地铁,metro,http://bj.bendibao.com/ditie/zddabaotai.shtml,Ow5fqi6DQXmgD5PGSB7QBdHF,106990
回龙观东大街,116.369307,40.086017,3,3,1,地铁,metro,http://bj.bendibao.com/ditie/zdhuilongguandongdajie.shtml,Ow5fqi6DQXmgD5PGSB7QBdHF,106990
龙泽,116.326173,40.076647,3,2,1,地铁,metro,http://bj.bendibao.com/ditie/zdlongze.shtml,Ow5fqi6DQXmgD5PGSB7QBdHF,106990
天通苑北,116.419385,40.089597,3,1,1,地铁,metro,http://bj.bendibao.com/ditie/zdtiantongyuanbei.shtml,Ow5fqi6DQXmgD5PGSB7QBdHF,106990
西红门,116.335169,39.795445,3,1,1,地铁,metro,http://bj.bendibao.com/ditie/zdxihongmen.shtml,Ow5fqi6DQXmgD5PGSB7QBdHF,106990
万源街,116.511928,39.809251,3,3,1,地铁,metro,http://bj.bendibao.com/ditie/zdwanyuanjie.shtml,Ow5fqi6DQXmgD5PGSB7QBdHF,106990
孙河,116.54104,40.051264,3,2,1,地铁,metro,http://bj.bendibao.com/ditie/zdsunhe.shtml,Ow5fqi6DQXmgD5PGSB7QBdHF,106990
常营,116.605447,39.93151,3,2,1,地铁,metro,http://bj.bendibao.com/ditie/zdchangying.shtml,Ow5fqi6DQXmgD5PGSB7QBdHF,106990
管庄,116.605782,39.914907,3,1,1,地铁,metro,http://bj.bendibao.com/ditie/zdguanzhuang.shtml,Ow5fqi6DQXmgD5PGSB7QBdHF,106990
平西府,116.357247,40.095792,3,1,1,地铁,metro,http://bj.bendibao.com/ditie/zdpingxifu.shtml,Ow5fqi6DQXmgD5PGSB7QBdHF,106990
古城,116.197072,39.913414,3,1,1,地铁,metro,http://bj.bendibao.com/ditie/zdgucheng.shtml,Ow5fqi6DQXmgD5PGSB7QBdHF,106990
育知路,116.333898,40.09371,3,3,1,地铁,metro,http://bj.bendibao.com/ditie/zdyuzhilu.shtml,Ow5fqi6DQXmgD5PGSB7QBdHF,106990
荣京东街,116.519744,39.799616,3,1,1,地铁,metro,http://bj.bendibao.com/ditie/zdrongjingdongjie.shtml,Ow5fqi6DQXmgD5PGSB7QBdHF,106990
高米店北,116.337331,39.779548,3,2,1,地铁,metro,http://bj.bendibao.com/ditie/zdgaomidianbei.shtml,Ow5fqi6DQXmgD5PGSB7QBdHF,106990
园博园,116.208364,39.867099,3,1,1,地铁,metro,http://bj.bendibao.com/ditie/zdyuanboyuan.shtml,Ow5fqi6DQXmgD5PGSB7QBdHF,106990
高米店南,116.351177476,39.7760488842,3,2,1,地铁,metro,http://bj.bendibao.com/ditie/zdgaomidiannan.shtml,Ow5fqi6DQXmgD5PGSB7QBdHF,106990
草房,116.622546,39.930673,3,1,1,地铁,metro,http://bj.bendibao.com/ditie/zdcaofang.shtml,Ow5fqi6DQXmgD5PGSB7QBdHF,106990
苹果园,116.18407,39.932391,3,2,1,地铁,metro,http://bj.bendibao.com/ditie/zdpingguoyuan.shtml,Ow5fqi6DQXmgD5PGSB7QBdHF,106990
八里桥,116.625141,39.912218,3,2,1,地铁,metro,http://bj.bendibao.com/ditie/zdbaliqiao.shtml,Ow5fqi6DQXmgD5PGSB7QBdHF,106990
荣昌东街,116.528038,39.789194,3,3,1,地铁,metro,http://bj.bendibao.com/ditie/zdrongchangdongjie.shtml,Ow5fqi6DQXmgD5PGSB7QBdHF,106990
高米店南,116.33841,39.769059,3,2,1,地铁,metro,http://bj.bendibao.com/ditie/zdgaomidiannan.shtml,Ow5fqi6DQXmgD5PGSB7QBdHF,106990
张郭庄,116.193406,39.864102,3,3,1,地铁,metro,http://bj.bendibao.com/ditie/zdzhangguozhuang.shtml,Ow5fqi6DQXmgD5PGSB7QBdHF,106990
生命科学园,116.30055,40.100975,3,2,1,地铁,metro,http://bj.bendibao.com/ditie/zdshengmingkexueyuan.shtml,Ow5fqi6DQXmgD5PGSB7QBdHF,106990
国展,116.561721,40.075932,3,3,1,地铁,metro,http://bj.bendibao.com/ditie/zdguozhan.shtml,Ow5fqi6DQXmgD5PGSB7QBdHF,106990
朱辛庄,116.320135,40.110335,3,2,1,地铁,metro,http://bj.bendibao.com/ditie/zdzhouxinzhuang.shtml,Ow5fqi6DQXmgD5PGSB7QBdHF,106990
通州北苑,116.64361,39.910064,3,2,1,地铁,metro,http://bj.bendibao.com/ditie/zdtongzhoubeiyuan.shtml,Ow5fqi6DQXmgD5PGSB7QBdHF,106990
枣园,116.338975,39.759079,3,1,1,地铁,metro,http://bj.bendibao.com/ditie/zdzaoyuan.shtml,Ow5fqi6DQXmgD5PGSB7QBdHF,106990
同济南路,116.546383,39.779147,3,3,1,地铁,metro,http://bj.bendibao.com/ditie/zdtongjinanlu.shtml,Ow5fqi6DQXmgD5PGSB7QBdHF,106990
果园,116.653044,39.89966,3,3,1,地铁,metro,http://bj.bendibao.com/ditie/zdguoyuan.shtml,Ow5fqi6DQXmgD5PGSB7QBdHF,106990
稻田,116.225429,39.800509,3,3,1,地铁,metro,http://bj.bendibao.com/ditie/zddaotian.shtml,Ow5fqi6DQXmgD5PGSB7QBdHF,106990
花梨坎,116.564223,40.090312,3,2,1,地铁,metro,http://bj.bendibao.com/ditie/zdhualihem.shtml,Ow5fqi6DQXmgD5PGSB7QBdHF,106990
经海路,116.568912,39.789493,3,2,1,地铁,metro,http://bj.bendibao.com/ditie/zdjinghailu.shtml,Ow5fqi6DQXmgD5PGSB7QBdHF,106990
清源路,116.339019,39.748354,3,2,1,地铁,metro,http://bj.bendibao.com/ditie/zdqingyuanlu.shtml,Ow5fqi6DQXmgD5PGSB7QBdHF,106990
次渠,116.597911,39.809191,3,2,1,地铁,metro,http://bj.bendibao.com/ditie/zdciqu.shtml,Ow5fqi6DQXmgD5PGSB7QBdHF,106990
次渠南,116.587934,39.800804,3,3,1,地铁,metro,http://bj.bendibao.com/ditie/zdciqunan.shtml,Ow5fqi6DQXmgD5PGSB7QBdHF,106990
九棵树,116.663898,39.896424,3,2,1,地铁,metro,http://bj.bendibao.com/ditie/zdjiukeshu.shtml,Ow5fqi6DQXmgD5PGSB7QBdHF,106990
T3航站楼,116.621643,40.058878,3,1,1,地铁,metro,http://bj.bendibao.com/ditie/zdT3hangzhanlou.shtml,Ow5fqi6DQXmgD5PGSB7QBdHF,106990
黄村西大街,116.339128,39.73738,3,1,1,地铁,metro,http://bj.bendibao.com/ditie/zdhuangcunxidajie.shtml,Ow5fqi6DQXmgD5PGSB7QBdHF,106990
T2航站楼,116.599563,40.085492,3,3,1,地铁,metro,http://bj.bendibao.com/ditie/zdT2hangzhanlou.shtml,Ow5fqi6DQXmgD5PGSB7QBdHF,106990
梨园,116.675218,39.889716,3,3,1,地铁,metro,http://bj.bendibao.com/ditie/zdliyuan.shtml,Ow5fqi6DQXmgD5PGSB7QBdHF,106990
巩华城,116.300434,40.137318,3,1,1,地铁,metro,http://bj.bendibao.com/ditie/zdgonghuacheng.shtml,Ow5fqi6DQXmgD5PGSB7QBdHF,106990
黄村火车站,116.339482,39.728326,3,2,1,地铁,metro,http://bj.bendibao.com/ditie/zdhuangcunhuochezhan.shtml,Ow5fqi6DQXmgD5PGSB7QBdHF,106990
长阳,116.219263,39.769411,3,3,1,地铁,metro,http://bj.bendibao.com/ditie/zdchangyang.shtml,Ow5fqi6DQXmgD5PGSB7QBdHF,106990
后沙峪,116.570793,40.119865,3,2,1,地铁,metro,http://bj.bendibao.com/ditie/zdhoushayu.shtml,Ow5fqi6DQXmgD5PGSB7QBdHF,106990
临河里,116.685467,39.881239,3,1,1,地铁,metro,http://bj.bendibao.com/ditie/zdlinheli.shtml,Ow5fqi6DQXmgD5PGSB7QBdHF,106990
义和庄,116.325538,39.718297,3,1,1,地铁,metro,http://bj.bendibao.com/ditie/zdyihezhuang.shtml,Ow5fqi6DQXmgD5PGSB7QBdHF,106990
土桥,116.69298,39.877629,3,2,1,地铁,metro,http://bj.bendibao.com/ditie/zdtuqiao.shtml,Ow5fqi6DQXmgD5PGSB7QBdHF,106990
沙河,116.295058,40.154693,3,3,1,地铁,metro,http://bj.bendibao.com/ditie/zdshahe.shtml,Ow5fqi6DQXmgD5PGSB7QBdHF,106990
篱笆房,116.195928,39.766697,3,1,1,地铁,metro,http://bj.bendibao.com/ditie/zdlibafang.shtml,Ow5fqi6DQXmgD5PGSB7QBdHF,106990
广阳城,116.191395,39.754016,3,1,1,地铁,metro,http://bj.bendibao.com/ditie/zdguangyangcheng.shtml,Ow5fqi6DQXmgD5PGSB7QBdHF,106990
沙河高教园,116.286757,40.171012,3,2,1,地铁,metro,http://bj.bendibao.com/ditie/zdshahegaojiaoyuan.shtml,Ow5fqi6DQXmgD5PGSB7QBdHF,106990
生物医药基地,116.328329,39.692307,3,1,1,地铁,metro,http://bj.bendibao.com/ditie/zdshengwuyiyaojidi.shtml,Ow5fqi6DQXmgD5PGSB7QBdHF,106990
南法信,116.61503,40.134246,3,3,1,地铁,metro,http://bj.bendibao.com/ditie/zdnanfaxin.shtml,Ow5fqi6DQXmgD5PGSB7QBdHF,106990
良乡大学城北,116.189861,39.736109,3,2,1,地铁,metro,http://bj.bendibao.com/ditie/zdliangxiangdaxuechengbei.shtml,Ow5fqi6DQXmgD5PGSB7QBdHF,106990
天宫院,116.326437,39.676122,3,3,1,地铁,metro,http://bj.bendibao.com/ditie/zdtiangongyuan.shtml,Ow5fqi6DQXmgD5PGSB7QBdHF,106990
良乡大学城,116.182872,39.729499,3,1,1,地铁,metro,http://bj.bendibao.com/ditie/zdliangxiangdaxuecheng.shtml,Ow5fqi6DQXmgD5PGSB7QBdHF,106990
石门,116.647499,40.136314,3,2,1,地铁,metro,http://bj.bendibao.com/ditie/zdshimen.shtml,Ow5fqi6DQXmgD5PGSB7QBdHF,106990
良乡大学城西,116.162684,39.7296,3,3,1,地铁,metro,http://bj.bendibao.com/ditie/zdliangxiangdaxuechengxi.shtml,Ow5fqi6DQXmgD5PGSB7QBdHF,106990
顺义,116.663478,40.136138,3,1,1,地铁,metro,http://bj.bendibao.com/ditie/zdshunyi.shtml,Ow5fqi6DQXmgD5PGSB7QBdHF,106990
良乡南关,116.147255,39.72947,3,1,1,地铁,metro,http://bj.bendibao.com/ditie/zdliangxiangnanguan.shtml,Ow5fqi6DQXmgD5PGSB7QBdHF,106990
南邵,116.293505,40.21343,3,3,1,地铁,metro,http://bj.bendibao.com/ditie/zdnanshao.shtml,Ow5fqi6DQXmgD5PGSB7QBdHF,106990
苏庄,116.131898,39.729197,3,2,1,地铁,metro,http://bj.bendibao.com/ditie/zdsuzhuang.shtml,Ow5fqi6DQXmgD5PGSB7QBdHF,106990
俸伯,116.69145,40.138304,3,2,1,地铁,metro,http://bj.bendibao.com/ditie/zdfengbo.shtml,Ow5fqi6DQXmgD5PGSB7QBdHF,106990
刘园,117.1222,39.214338,3,1,1,地铁,metro,http://tj.bendibao.com/ditie/zdliuyuan.shtml,Ow5fqi6DQXmgD5PGSB7QBdHF,106990
西横堤,117.128219,39.20644,3,2,1,地铁,metro,http://tj.bendibao.com/ditie/zdxihengdi.shtml,Ow5fqi6DQXmgD5PGSB7QBdHF,106990
果酒厂,117.134561,39.198248,3,1,1,地铁,metro,http://tj.bendibao.com/ditie/zdguojiuchang.shtml,Ow5fqi6DQXmgD5PGSB7QBdHF,106990
本溪路,117.145808,39.19165,3,1,1,地铁,metro,http://tj.bendibao.com/ditie/zdbeneilu.shtml,Ow5fqi6DQXmgD5PGSB7QBdHF,106990
丰产河,117.245997,39.243464,3,3,1,地铁,metro,http://tj.bendibao.com/ditie/zdfengchanhe.shtml,Ow5fqi6DQXmgD5PGSB7QBdHF,106990
曹庄,117.0984,39.151343,3,3,1,地铁,metro,http://tj.bendibao.com/ditie/zdcaozhuang.shtml,Ow5fqi6DQXmgD5PGSB7QBdHF,106990
华北集团,117.234247,39.233418,3,1,1,地铁,metro,http://tj.bendibao.com/ditie/zdhuabeijituan.shtml,Ow5fqi6DQXmgD5PGSB7QBdHF,106990
勤俭道,117.160253,39.184141,3,3,1,地铁,metro,http://tj.bendibao.com/ditie/zdqinjiandao.shtml,Ow5fqi6DQXmgD5PGSB7QBdHF,106990
卞兴,117.116025,39.152294,3,2,1,地铁,metro,http://tj.bendibao.com/ditie/zdbianxin.shtml,Ow5fqi6DQXmgD5PGSB7QBdHF,106990
小淀,117.265311,39.245853,3,1,1,地铁,metro,http://tj.bendibao.com/ditie/zdxiaodian.shtml,Ow5fqi6DQXmgD5PGSB7QBdHF,106990
天士力,117.220952,39.212274,3,2,1,地铁,metro,http://tj.bendibao.com/ditie/zdtianshili.shtml,Ow5fqi6DQXmgD5PGSB7QBdHF,106990
洪湖里,117.168661,39.176758,3,2,1,地铁,metro,http://tj.bendibao.com/ditie/zdhonghuli.shtml,Ow5fqi6DQXmgD5PGSB7QBdHF,106990
芥园西道,117.127685,39.148125,3,3,1,地铁,metro,http://tj.bendibao.com/ditie/zdjieyuanxidao.shtml,Ow5fqi6DQXmgD5PGSB7QBdHF,106990
宜兴埠,117.225049,39.203104,3,2,1,地铁,metro,http://tj.bendibao.com/ditie/zdyixinbu.shtml,Ow5fqi6DQXmgD5PGSB7QBdHF,106990
张兴庄,117.22088,39.198729,3,2,1,地铁,metro,http://tj.bendibao.com/ditie/zdzhangxinzhuang.shtml,Ow5fqi6DQXmgD5PGSB7QBdHF,106990
西站,117.173027,39.162366,3,1,1,地铁,metro,http://tj.bendibao.com/ditie/zdxizhan.shtml,Ow5fqi6DQXmgD5PGSB7QBdHF,106990
铁东路,117.214323,39.186663,3,1,1,地铁,metro,http://tj.bendibao.com/ditie/zdtiedonglu.shtml,Ow5fqi6DQXmgD5PGSB7QBdHF,106990
咸阳路,117.143333,39.143802,3,1,1,地铁,metro,http://tj.bendibao.com/ditie/zdxianyanglu.shtml,Ow5fqi6DQXmgD5PGSB7QBdHF,106990
长虹公园,117.157634,39.143676,3,3,1,地铁,metro,http://tj.bendibao.com/ditie/zdchanghonggongyuan.shtml,Ow5fqi6DQXmgD5PGSB7QBdHF,106990
西北角,117.178363,39.152071,3,2,1,地铁,metro,http://tj.bendibao.com/ditie/zdxibeijiao.shtml,Ow5fqi6DQXmgD5PGSB7QBdHF,106990
北站,117.215131,39.172399,3,2,1,地铁,metro,http://tj.bendibao.com/ditie/zdbeizhan.shtml,Ow5fqi6DQXmgD5PGSB7QBdHF,106990
广开四马路,117.169618,39.143579,3,2,1,地铁,metro,http://tj.bendibao.com/ditie/zdguangkaisimalu.shtml,Ow5fqi6DQXmgD5PGSB7QBdHF,106990
中山路,117.211808,39.168609,3,3,1,地铁,metro,http://tj.bendibao.com/ditie/zdzhongshanlu.shtml,Ow5fqi6DQXmgD5PGSB7QBdHF,106990
西南角,117.178726,39.142907,3,2,1,地铁,metro,http://tj.bendibao.com/ditie/zdxinanjiao.shtml,Ow5fqi6DQXmgD5PGSB7QBdHF,106990
鼓楼,117.190207,39.142641,3,3,1,地铁,metro,http://tj.bendibao.com/ditie/zdgulou.shtml,Ow5fqi6DQXmgD5PGSB7QBdHF,106990
二纬路,117.181381,39.136401,3,1,1,地铁,metro,http://tj.bendibao.com/ditie/zderweilu.shtml,Ow5fqi6DQXmgD5PGSB7QBdHF,106990
金狮桥,117.215221,39.156538,3,2,1,地铁,metro,http://tj.bendibao.com/ditie/zdjinshiqiao.shtml,Ow5fqi6DQXmgD5PGSB7QBdHF,106990
东南角,117.197052,39.142123,3,2,1,地铁,metro,http://tj.bendibao.com/ditie/zddongnanjiao.shtml,Ow5fqi6DQXmgD5PGSB7QBdHF,106990
海光寺,117.184166,39.127991,3,3,1,地铁,metro,http://tj.bendibao.com/ditie/zdhaiguangsi.shtml,Ow5fqi6DQXmgD5PGSB7QBdHF,106990
天津站,117.218581,39.144493,3,3,1,地铁,metro,http://tj.bendibao.com/ditie/zdtianjinzhan.shtml,Ow5fqi6DQXmgD5PGSB7QBdHF,106990
高新区,117.105179,39.078495,3,1,1,地铁,metro,http://tj.bendibao.com/ditie/zdgaoxinqiu.shtml,Ow5fqi6DQXmgD5PGSB7QBdHF,106990
华苑,117.135829,39.093968,3,1,1,地铁,metro,http://tj.bendibao.com/ditie/zdhuayuan.shtml,Ow5fqi6DQXmgD5PGSB7QBdHF,106990
鞍山道,117.194406,39.126046,3,2,1,地铁,metro,http://tj.bendibao.com/ditie/zdanshandao.shtml,Ow5fqi6DQXmgD5PGSB7QBdHF,106990
王顶堤,117.146249,39.098504,3,2,1,地铁,metro,http://tj.bendibao.com/ditie/zdwangdingdi.shtml,Ow5fqi6DQXmgD5PGSB7QBdHF,106990
津湾广场,117.214179,39.137008,3,1,1,地铁,metro,http://tj.bendibao.com/ditie/zdjinwanguangchang.shtml,Ow5fqi6DQXmgD5PGSB7QBdHF,106990
和平路,117.211323,39.132404,3,2,1,地铁,metro,http://tj.bendibao.com/ditie/zdhepinglu.shtml,Ow5fqi6DQXmgD5PGSB7QBdHF,106990
远洋国际中心,117.228641,39.142931,3,2,1,地铁,metro,http://tj.bendibao.com/ditie/zdyuanyangguojizhongxin.shtml,Ow5fqi6DQXmgD5PGSB7QBdHF,106990
红旗南路,117.155394,39.09884,3,2,1,地铁,metro,http://tj.bendibao.com/ditie/zdhongqinanlu.shtml,Ow5fqi6DQXmgD5PGSB7QBdHF,106990
大学城,117.118743,39.078649,3,1,1,地铁,metro,http://tj.bendibao.com/ditie/zddaxuecheng.shtml,Ow5fqi6DQXmgD5PGSB7QBdHF,106990
顺驰桥,117.241002,39.147702,3,1,1,地铁,metro,http://tj.bendibao.com/ditie/zdshunchiqiao.shtml,Ow5fqi6DQXmgD5PGSB7QBdHF,106990
营口道,117.204046,39.124372,3,1,1,地铁,metro,http://tj.bendibao.com/ditie/zdyingkoudao.shtml,Ow5fqi6DQXmgD5PGSB7QBdHF,106990
西康路,117.193662,39.11729,3,1,1,地铁,metro,http://tj.bendibao.com/ditie/zdxikanglu.shtml,Ow5fqi6DQXmgD5PGSB7QBdHF,106990
大王庄,117.225264,39.133552,3,3,1,地铁,metro,http://tj.bendibao.com/ditie/zddawangzhuang.shtml,Ow5fqi6DQXmgD5PGSB7QBdHF,106990
靖江路,117.250398,39.149185,3,2,1,地铁,metro,http://tj.bendibao.com/ditie/zdjingjianglu.shtml,Ow5fqi6DQXmgD5PGSB7QBdHF,106990
周邓纪念馆,117.17,39.098644,3,2,1,地铁,metro,http://tj.bendibao.com/ditie/zdzhoudengjinianguan.shtml,Ow5fqi6DQXmgD5PGSB7QBdHF,106990
翠阜新村,117.263334,39.15015,3,1,1,地铁,metro,http://tj.bendibao.com/ditie/zdcuifuxincun.shtml,Ow5fqi6DQXmgD5PGSB7QBdHF,106990
吴家窑,117.19253,39.106064,3,3,1,地铁,metro,http://tj.bendibao.com/ditie/zdwujiayao.shtml,Ow5fqi6DQXmgD5PGSB7QBdHF,106990
十一经路,117.230043,39.127842,3,2,1,地铁,metro,http://tj.bendibao.com/ditie/zdshiyijinglu.shtml,Ow5fqi6DQXmgD5PGSB7QBdHF,106990
天塔,117.184912,39.101262,3,3,1,地铁,metro,http://tj.bendibao.com/ditie/zdtianta.shtml,Ow5fqi6DQXmgD5PGSB7QBdHF,106990
小白楼,117.222218,39.120784,3,3,1,地铁,metro,http://tj.bendibao.com/ditie/zdxiaobailou.shtml,Ow5fqi6DQXmgD5PGSB7QBdHF,106990
屿东城,117.286348,39.15327,3,3,1,地铁,metro,http://tj.bendibao.com/ditie/zdyudongcheng.shtml,Ow5fqi6DQXmgD5PGSB7QBdHF,106990
下瓦房,117.229296,39.11156,3,1,1,地铁,metro,http://tj.bendibao.com/ditie/zdxiawafang.shtml,Ow5fqi6DQXmgD5PGSB7QBdHF,106990
直沽,117.240356,39.117234,3,1,1,地铁,metro,http://tj.bendibao.com/ditie/zdzhigu.shtml,Ow5fqi6DQXmgD5PGSB7QBdHF,106990
登州路,117.302751,39.157299,3,2,1,地铁,metro,http://tj.bendibao.com/ditie/zddengzhoulu.shtml,Ow5fqi6DQXmgD5PGSB7QBdHF,106990
国山路,117.315399,39.16018,3,1,1,地铁,metro,http://tj.bendibao.com/ditie/zdguoshanlu.shtml,Ow5fqi6DQXmgD5PGSB7QBdHF,106990
南楼,117.230195,39.102335,3,2,1,地铁,metro,http://tj.bendibao.com/ditie/zdnanlou.shtml,Ow5fqi6DQXmgD5PGSB7QBdHF,106990
东兴路,117.248548,39.110039,3,2,1,地铁,metro,http://tj.bendibao.com/ditie/zddongxinlu.shtml,Ow5fqi6DQXmgD5PGSB7QBdHF,106990
空港经济区,117.340965,39.164516,3,3,1,地铁,metro,http://tj.bendibao.com/ditie/zdkonggangjingjiqiu.shtml,Ow5fqi6DQXmgD5PGSB7QBdHF,106990
土城,117.238369,39.095657,3,2,1,地铁,metro,http://tj.bendibao.com/ditie/zdtucheng.shtml,Ow5fqi6DQXmgD5PGSB7QBdHF,106990
中山门,117.270409,39.107144,3,3,1,地铁,metro,http://tj.bendibao.com/ditie/zdzhongshanmen.shtml,Ow5fqi6DQXmgD5PGSB7QBdHF,106990
陈塘庄,117.254844,39.089749,3,3,1,地铁,metro,http://tj.bendibao.com/ditie/zdchentangzhuang.shtml,Ow5fqi6DQXmgD5PGSB7QBdHF,106990
一号桥,117.288986,39.101853,3,3,1,地铁,metro,http://tj.bendibao.com/ditie/zdyihaoqiao.shtml,Ow5fqi6DQXmgD5PGSB7QBdHF,106990
复兴门,117.266702,39.08321,3,3,1,地铁,metro,http://tj.bendibao.com/ditie/zdfuxinmen.shtml,Ow5fqi6DQXmgD5PGSB7QBdHF,106990
二号桥,117.299281,39.100915,3,3,1,地铁,metro,http://tj.bendibao.com/ditie/zderhaoqiao.shtml,Ow5fqi6DQXmgD5PGSB7QBdHF,106990
华山里,117.268391,39.07216,3,1,1,地铁,metro,http://tj.bendibao.com/ditie/zdhuashanli.shtml,Ow5fqi6DQXmgD5PGSB7QBdHF,106990
财经大学,117.283464,39.069765,3,1,1,地铁,metro,http://tj.bendibao.com/ditie/zdcaijingdaxue.shtml,Ow5fqi6DQXmgD5PGSB7QBdHF,106990
新立,117.342273,39.09194,3,2,1,地铁,metro,http://tj.bendibao.com/ditie/zdxinli.shtml,Ow5fqi6DQXmgD5PGSB7QBdHF,106990
双林,117.299382,39.062342,3,3,1,地铁,metro,http://tj.bendibao.com/ditie/zdshuanglin.shtml,Ow5fqi6DQXmgD5PGSB7QBdHF,106990
东丽开发区,117.363366,39.085793,3,3,1,地铁,metro,http://tj.bendibao.com/ditie/zddonglikaifaqiu.shtml,Ow5fqi6DQXmgD5PGSB7QBdHF,106990
小东庄,117.410006,39.070095,3,3,1,地铁,metro,http://tj.bendibao.com/ditie/zdxiaodongzhuang.shtml,Ow5fqi6DQXmgD5PGSB7QBdHF,106990
军粮城,117.462323,39.054056,3,2,1,地铁,metro,http://tj.bendibao.com/ditie/zdjunliangcheng.shtml,Ow5fqi6DQXmgD5PGSB7QBdHF,106990
钢管公司,117.510526,39.046001,3,1,1,地铁,metro,http://tj.bendibao.com/ditie/zdgangguangongsi.shtml,Ow5fqi6DQXmgD5PGSB7QBdHF,106990
胡家园,117.613616,39.047009,3,1,1,地铁,metro,http://tj.bendibao.com/ditie/zdhujiayuan.shtml,Ow5fqi6DQXmgD5PGSB7QBdHF,106990
塘沽站,117.667622,39.035198,3,3,1,地铁,metro,http://tj.bendibao.com/ditie/zdtangguzhan.shtml,Ow5fqi6DQXmgD5PGSB7QBdHF,106990
泰达,117.686235,39.031302,3,1,1,地铁,metro,http://tj.bendibao.com/ditie/zdtaida.shtml,Ow5fqi6DQXmgD5PGSB7QBdHF,106990
市民广场,117.709088,39.024561,3,2,1,地铁,metro,http://tj.bendibao.com/ditie/zdshiminguangchang.shtml,Ow5fqi6DQXmgD5PGSB7QBdHF,106990
东海路,117.743043,39.046771,3,1,1,地铁,metro,http://tj.bendibao.com/ditie/zddonghailu.shtml,Ow5fqi6DQXmgD5PGSB7QBdHF,106990
会展中心,117.73733,39.03566,3,3,1,地铁,metro,http://tj.bendibao.com/ditie/zdhuizhanzhongxin.shtml,Ow5fqi6DQXmgD5PGSB7QBdHF,106990
